user_name,recipient,address,postcode,phone_number,
fparrot0,Rosy Sedgwick,Apt 1988,91077 CEDEX,709-965-9142,
ohall1,Hanna Lackner,PO Box 56887,4820-009,419-674-3045,
apesticcio2,Lois Ansell,Room 556,444 24,946-537-5821,
rclemmensen3,Paulette Roughsedge,Apt 1998,592 31,118-761-2303,
jwealleans4,Dedie Brezlaw,Room 1983,,885-702-1148,
aread5,Mitchael Davitt,Suite 32,01004 CEDEX,683-954-4687,
lokenfold6,Jenifer Goodings,PO Box 58303,,993-926-1043,
tomand7,Evaleen Tuer,Suite 50,96700-000,310-659-2968,
tscrauniage8,Jess Donaho,Suite 22,,898-233-3336,
bwoodroffe9,Skipp Kitchenham,7th Floor,,355-702-4705,
hhonnicotta,Natalie Braycotton,Apt 1518,,218-335-2390,
olawesb,Vincenty Houseman,PO Box 56283,,201-671-0217,
gscartifieldc,Dodie Mildner,PO Box 37908,10255,267-548-5533,
eknightsbridged,Loraine Willingham,Suite 38,1676,435-621-7970,
mkernocke,Mandy Blanc,17th Floor,,257-937-9972,
cplaitf,Meggie Pole,18th Floor,14470-000,205-686-1192,
falishonerg,Aubert Janicijevic,Apt 802,,808-612-6361,
prubicah,Appolonia Mcall,Suite 50,356403,655-129-4592,
oskiplornei,Urbanus D'Aulby,Suite 30,,212-341-2689,
astobbesj,Waneta McCaffrey,Suite 5,,995-311-0850,
mhoviek,Venus Rosbrough,Suite 87,2364,939-983-1285,
skarlsenl,Hyman Wilde,Room 914,760508,422-990-8440,
czealym,Jennilee Dyke,Apt 1561,7479,102-911-1312,
hcammiemilen,Katine Penrith,Apt 1343,762528,962-702-3242,
dreideo,Flynn Laurisch,Suite 36,747 64,928-654-8953,
ccourtp,Lyndsay Crimpe,Room 696,,706-825-3532,
ekellawayq,Linc Povah,Apt 579,,967-363-1734,
mheaslyr,Brand Breed,Suite 13,35000,967-980-4361,
dquogans,Helaine Seiler,PO Box 10717,,994-538-0658,
drodgiert,Correna Booi,5th Floor,,983-809-3825,
tmahyu,Cory Hartzenberg,18th Floor,,470-434-4568,
ekibbeyv,Ulysses Gottelier,Apt 100,2645-024,325-395-8580,
atingeyw,Lisette Warman,Apt 385,,154-217-9922,
karndtx,Paddie Buxam,Room 1758,29960-000,394-351-1552,
jcockshooty,Eadmund Streetley,Suite 55,,254-856-1322,
ymatuskaz,Michele Alibone,20th Floor,197720,521-905-0471,
rokenden10,Opaline Flye,6th Floor,855058,123-561-6255,
hcady11,Dusty Treleven,9th Floor,,207-579-2479,
hciciura12,Sascha Wilmore,2nd Floor,,530-844-2148,
gpeare13,Jorry McTrustrie,Suite 8,,772-180-5811,
fhickeringill14,Elisabet Oehme,6th Floor,2304,104-490-3033,
lvarney15,Molli Greave,Room 301,,983-430-5602,
lsimmins16,Dieter Cadman,5th Floor,,177-598-1540,
cmarshalleck17,Annnora Cristea,Suite 1,6011,852-161-8892,
lmcbeith18,Jonas Guillard,Apt 1868,25590,412-183-0397,
ebrusle19,Carmela Michal,3rd Floor,,139-103-5467,
lmulqueen1a,Pepi Cocke,PO Box 44487,3320,408-563-3454,
lviscovi1b,Madelyn Heelis,Room 1776,,539-191-0562,
falvy1c,Collin Blewis,PO Box 13057,,905-817-7286,
aouterbridge1d,Cristiano Bloxam,PO Box 56081,,873-566-1990,
blippo1e,Michele Voff,PO Box 47107,,306-829-5457,
cglancey1f,Simonne Aspin,Suite 27,352762,924-158-0821,
kheathcott1g,Farleigh Armstrong,Suite 43,42242,961-280-5587,
khuntington1h,Amil Underhill,PO Box 76345,44-323,868-309-3014,
jsissens1i,Godiva Jovasevic,PO Box 17769,678350,785-231-6658,
dhabbon1j,Kaja Dirr,1st Floor,,805-425-2264,
bsteel1k,Drucy Wyson,Room 1363,,534-226-8546,
wpatek1l,Aurilia Luttger,Suite 60,1312,962-487-2484,
pmoxted1m,Grete Bamber,Apt 352,,721-982-2673,
rcawthron1n,Veronica Ornelas,Suite 100,,153-707-1206,
srushbury1o,Elisabeth Donaghie,PO Box 34830,74-101,580-325-7605,
anorthin1p,Elisa Checchetelli,Suite 24,,436-818-5174,
bmosson1q,Alverta Stennings,Suite 48,452230,613-811-7067,
pstairmond1r,Phil Bruff,Suite 57,32275,700-813-7107,
lcamilleri1s,Filberto Lermit,20th Floor,,237-216-7216,
pjoyes1t,Bryna Wittman,Suite 48,769,541-504-0101,
adionisio1u,Isis Minigo,PO Box 58789,,173-682-0125,
kcostelow1v,Dode Massel,Suite 22,431045,639-834-6389,
naynscombe1w,Farley Joynt,Room 1508,,569-558-9014,
mocrotty1x,Sylvan Trivett,Apt 1314,48000-000,560-718-4671,
vknapton1y,Phillipp Geach,Apt 1995,,480-459-4491,
ctomovic1z,Devonne Minithorpe,PO Box 11893,,284-562-6090,
mebbins20,Leanor Backsal,PO Box 2951,,488-231-3817,
dwoodrooffe21,Vivyanne Ragge,Suite 4,1134,602-872-6421,
rpoker22,Carita Breese,PO Box 23668,4825-171,106-986-2214,
nbraams23,Kasper Garthside,PO Box 83734,,597-491-6611,
ncraze24,Raye Kiltie,PO Box 93845,69670-000,264-986-5764,
stuckett25,Sidoney Tettley,PO Box 75161,,317-514-0793,
gtoffel26,Giralda Coulman,PO Box 48170,3025-600,763-273-4618,
dmaystone27,Caralie Blonden,Apt 824,561 50,677-904-3046,
cworthy28,Winni Donwell,Suite 1,,134-428-7042,
jdaddow29,Onfroi Karolovsky,PO Box 72708,,607-470-8509,
wcastanyer2a,Marquita Piscot,8th Floor,36200-000,504-287-9924,
sparkhouse2b,Vassily Giacomelli,Apt 1902,19125,332-247-7195,
bdearlove2c,Peta Bulward,Room 958,15274,412-932-9041,
rroberto2d,Madelina Lockney,2nd Floor,,918-572-2944,
jcouling2e,Marcie Nockells,PO Box 65328,247,843-988-6177,
itrimnell2f,Lyndy Wilder,Room 991,67-400,416-339-2395,
mkeld2g,Richie Burburough,Apt 183,8530,974-238-6655,
vseville2h,Alberik Webborn,Room 1204,369-0137,292-169-8359,
mbroske2i,Pauly Theml,Apt 1137,2826,212-570-1056,
sgeaney2j,Verile Redparth,Room 635,64290-000,602-654-3611,
dcanland2k,Patrizia Davys,Apt 249,7010,308-475-1022,
fgerding2l,Kevina Churches,Suite 15,,781-446-1584,
cblant2m,Mead Philipps,2nd Floor,2402,424-498-7193,
bkorba2n,Carrissa Perry,Apt 823,,552-832-2977,
ajersch2o,Eldin Surgeoner,Suite 42,5590,979-981-7063,
trushman2p,Reeta Rolph,Suite 61,40160,976-537-1045,
mchipperfield2q,Celine McRobb,PO Box 56217,5202,629-562-0789,
alulham2r,Cora Abrams,Room 469,356 04,797-218-0742,
lledekker2s,Tawsha Deeny,Room 620,,440-356-9417,
mrolance2t,Krishnah Wiltshier,Suite 29,7012,569-531-4883,
mmabone2u,Donalt MacCaughey,18th Floor,,948-929-8021,
alopez2v,Bordie Hawkeswood,20th Floor,,855-433-4174,
qsuch2w,Magdalene Dilks,PO Box 13266,33901,529-996-7807,
eends2x,Felicia Gergus,PO Box 78286,10464,917-332-3724,
amacharg2y,Rodrique Bunworth,Apt 1168,,284-821-5559,
flubbock2z,Arley Magne,Suite 8,19970-000,992-541-6491,
mmatsell30,Amil Abrahams,Apt 1036,,201-576-4533,
mburgh31,Calida Haycock,PO Box 35197,34129,292-442-8371,
biddison32,Kaela Draper,PO Box 54337,10104 CEDEX,293-834-6484,
cesilmon33,Hazlett Cahalin,Room 1455,73110,413-910-5015,
ligounet34,Riordan Larway,Suite 83,,559-844-6996,
hbhar35,Mario Guiso,Room 1295,,594-902-3653,
bmarcum36,Annetta Gionettitti,10th Floor,683 54,210-525-6660,
ejacklings37,Bonnee Gubbin,Room 1091,,478-837-0147,
mgircke38,Sosanna Stagg,Suite 38,717 00,184-235-7973,
mmanicomb39,Jennilee Halligan,5th Floor,,676-457-1351,
spiercy3a,Daisi McKibbin,Room 365,,126-964-8063,
fbluck3b,Ferdie Hempshall,Room 1413,,572-761-4972,
bculmer3c,Mercy Kenrat,Room 1121,6549,764-683-4637,
mspridgen3d,Neala Spurgin,Suite 53,36160,901-597-0327,
vaulton3e,Mignonne Paty,Suite 60,142452,712-609-2238,
bmickelwright3f,Janenna Saunt,Room 667,,497-432-9393,
rmethuen3g,Elmo Skocroft,PO Box 73994,97700-000,108-289-3014,
tdominichetti3h,Charlton Bilovsky,Room 1784,303580,603-460-5600,
cfarrens3i,Libby Prayer,Apt 1824,,218-283-3078,
kkarpol3j,Aarika Birdwhistell,Suite 36,,330-705-6527,
cseagrove3k,Baryram Tweedie,Apt 563,,814-824-0709,
aboggs3l,Heall Slatten,Suite 25,,661-401-9769,
oscamal3m,Jasmine Pearde,Room 1592,,192-294-8620,
dgrewar3n,Doe Arr,Apt 319,,830-381-5868,
hhallows3o,Terrill Bordes,PO Box 47031,502009,457-897-9993,
transcomb3p,Brennen Danilovitch,Apt 978,,706-398-1795,
tthon3q,Peterus Matessian,Suite 23,69850-000,311-766-3429,
agrishakov3r,Wolfy Marfell,Room 1932,12169,217-394-2261,
aedmands3s,Nataline Iwanowicz,PO Box 24895,10140,623-660-7933,
mdevey3t,Willie McGinnis,Suite 64,,835-927-6819,
aivakhin3u,Madelyn Ramsden,Apt 1172,,838-104-3894,
cpledge3v,Dario Seldner,Suite 40,84605,801-591-1324,
nduguid3w,Armin Inchley,PO Box 63363,,617-804-6289,
msambeck3x,Marcia Wattam,Suite 61,33355,754-317-4467,
jcicculini3y,Helenka Bog,PO Box 78337,72215,501-503-9307,
bmolden3z,Aldrich Dugdale,12th Floor,2727,394-791-0154,
tclymer40,Beatriz Petruszka,PO Box 95480,412478,417-769-0254,
shuckell41,Magdalena Westpfel,14th Floor,4506,153-564-8557,
thannigane42,Jamima Simondson,Room 58,,559-652-1648,
gsamwyse43,Esme Guerra,Suite 60,14019,314-484-7384,
mturk44,Deonne Yearsley,PO Box 73824,,165-226-6387,
aaps45,Malinde Drepp,8th Floor,81803,196-367-4072,
cloghan46,Caterina Jerche,12th Floor,93691 CEDEX,105-413-4100,
jnevinson47,Asher Conechie,Suite 89,20504,469-404-9467,
bcuthill48,Raquela Lusted,Room 718,4755-484,434-859-9383,
bparnham49,Barthel Badgers,PO Box 93851,,586-621-4368,
abloomer4a,Clint Tante,Room 673,3503,150-518-8130,
abarbie4b,Ursa Nottram,7th Floor,,249-223-1701,
cpatrick4c,Nolly Castellan,Apt 228,79783,177-612-4472,
whoffman4d,Zelig O'Dowgaine,Room 782,,168-658-1741,
foxnam4e,Gabriellia Gookes,PO Box 38189,,208-593-3235,
eheinish4f,Reagen Mulford,Suite 30,,817-278-2980,
rjekyll4g,Catherine Baverstock,Apt 161,95930-000,445-505-5388,
trandle4h,Abigail Foker,Apt 1467,D6W,968-232-1440,
dworrell4i,Irvin Strelitzer,PO Box 17450,671633,941-785-8983,
mmeldon4j,Arlette Quinsee,Room 212,2615-266,540-692-7177,
ebussy4k,Hetti Carvell,PO Box 69010,,270-302-8704,
ckatzmann4l,Samantha Joan,Room 252,13524 CEDEX,765-898-1817,
lmaine4m,Aura Crosfield,15th Floor,437 36,535-840-0974,
cdrohane4n,Jemima Paintain,Suite 14,,726-871-3568,
ahumbert4o,Athene Keymar,1st Floor,,311-110-0559,
ndoctor4p,Marley Holyard,16th Floor,,778-778-3478,
jjepensen4q,Benjie Colqueran,Apt 1135,,833-604-5565,
ccantle4r,Rani Glewe,Apt 951,763 33,333-471-6695,
bhallihan4s,Jodie Skeech,Room 1476,,188-911-2103,
mdomino4t,Aidan Beardsell,Apt 424,624214,403-595-9958,
hbarneville4u,Jillie Kirmond,Suite 92,989-1505,317-779-4537,
tchattell4v,Llewellyn Le febre,Room 58,H7V,591-456-3836,
zyukhov4w,Carroll Skipsey,PO Box 60271,,885-838-2843,
vhargreave4x,Putnam Aizikovich,18th Floor,,548-464-5039,
awaddoups4y,Orbadiah Lenaghen,5th Floor,442638,565-182-2561,
pcrean4z,Carmina O'Roan,Apt 794,,345-985-2038,
tskipton50,Tisha Castellino,Apt 1509,79105,806-989-0561,
jbrammall51,Decca Bateson,Suite 97,,120-581-4790,
fsterry52,Kermit Giacomuzzi,Room 281,,804-818-2918,
khimsworth53,Davidson Ridgedell,Apt 768,,267-455-0093,
wmew54,Benni Pinchon,Apt 352,2614,826-882-3279,
vclines55,Krystyna Mantram,Room 383,,843-516-9754,
lfuggle56,Ilaire Godsal,Room 1101,8704,119-241-2598,
zmcgeachey57,Arel Klosa,Suite 17,,315-570-7000,
callchin58,Ingaborg Crowcher,Apt 1722,3203,843-444-2044,
educkit59,Kane Laity,Suite 1,,277-654-6507,
sfarrimond5a,Marvin Willey,16th Floor,83501,470-930-1892,
mtrayling5b,Jourdain Yirrell,Room 1216,7115,896-333-0829,
aedscer5c,Maurizio Hamelyn,PO Box 44892,592 14,363-831-8323,
agisburne5d,Lonee Gartside,12th Floor,,612-952-9400,
prosenhaupt5e,Marlowe D'Cruze,Suite 29,,172-947-7073,
brenihan5f,Brenden St. Leger,PO Box 86961,4905-515,536-525-5866,
bscholler5g,Kev Veazey,Apt 1839,427990,608-358-9171,
slandsman5h,Kerry Forster,PO Box 51158,31010,688-351-4009,
aspoor5i,Bird Denslow,PO Box 75698,44830-000,613-735-2188,
hduinbleton5j,Ofilia Levis,Room 752,58600-000,937-395-3855,
bapplewhaite5k,Chelsae Danforth,Apt 1131,4605-425,309-737-1177,
jclever5l,Hughie Aldrich,PO Box 99251,62880-000,864-203-2388,
nloncaster5m,Lemmy Verlander,15th Floor,75910,266-907-9227,
mciabatteri5n,Simona Snugg,Suite 10,,920-489-5227,
mlammie5o,Emmaline Enden,Apt 1778,9517,227-318-1666,
adellenbrook5p,Valentijn D'Souza,PO Box 88774,8004,248-906-2955,
cmcalroy5q,Pia Krinks,Room 1910,135 34,199-622-4847,
lgrissett5r,Candy Jervoise,17th Floor,,423-783-0273,
bkingsnode5s,Bab Bainbridge,15th Floor,346630,760-165-5340,
tcamilletti5t,Linette Klinck,PO Box 64507,,734-930-6279,
lhairsnape5u,Fidela Raff,PO Box 88663,649-1537,637-981-3732,
zgogay5v,Jonis Tyres,Room 1134,,269-920-4590,
ablabie5w,Janet Houldin,Apt 731,5281,175-807-3020,
tmorecombe5x,Fredia Donovin,Apt 1975,,196-639-1855,
mshearme5y,Isidoro Middle,Apt 158,32237,579-762-5251,
atattersill5z,Gan Shirt,20th Floor,90005,213-478-6049,
dspelling60,Hugibert Hearn,PO Box 56812,974 42,679-497-8207,
dpamplin61,Otto McAlinden,11th Floor,,439-618-7700,
ckeedy62,Carissa St Clair,Suite 42,,449-628-9355,
gmcdell63,Belvia Dungay,1st Floor,,454-647-7481,
oodoherty64,Adrea Branscombe,Suite 35,,429-732-8405,
ebutts65,Austina Kermode,Apt 1298,1880,856-619-9929,
hbricklebank66,Merline Cripps,14th Floor,62823-000,792-234-2511,
crabbet67,Laural Dederick,PO Box 16252,,375-497-5264,
vburrus68,Daffy Stitfall,PO Box 13373,,712-298-1266,
bcossentine69,Ania Manicomb,PO Box 14226,,636-813-8089,
bprudham6a,Boniface Alvis,13th Floor,30042,947-387-6188,
ajimmes6b,Audra Loveless,Apt 1730,40101,200-502-8391,
dtriebner6c,Annalise Hanmer,8th Floor,,198-869-2609,
darbor6d,Cyndy Pawden,11th Floor,,206-385-9899,
mleschelle6e,Mame Geindre,Room 709,,732-238-0964,
lpeltz6f,Kitti Swyre,Room 1427,9240,129-971-6283,
kbenbough6g,Clem Monks,8th Floor,,547-729-2831,
pbeazey6h,Stephen Comsty,Apt 1381,,127-402-5098,
bbowdrey6i,Jarrad Hunter,Apt 973,K2C,967-632-2654,
afruish6j,Gerianna Erlam,Apt 452,456510,519-173-4900,
sscafe6k,Blanche Tullis,Suite 50,14500-000,484-516-1035,
pduffyn6l,Neal Wiggall,Suite 98,,790-567-6025,
bberrisford6m,Chrystal Stairmond,15th Floor,80000,413-327-8134,
tbinning6n,Jeralee Aspling,PO Box 19252,,283-102-4177,
fbattyll6o,Audie Dighton,Apt 1797,617500,374-214-5238,
mfahrenbacher6p,Steffie Fitzpayn,19th Floor,,376-427-5930,
gwalbrook6q,Rhodia Maylott,Apt 1829,622970,954-965-1288,
dclayhill6r,Fancie Costellow,Suite 78,05-320,789-122-1234,
dreckus6s,Jane Masi,PO Box 75163,,322-825-9673,
mplampin6t,Killy Florez,PO Box 32756,14205,716-574-9636,
avanderkruis6u,Morgen Heeps,Room 1051,72-330,443-866-5242,
fangric6v,Dionis Beedell,17th Floor,,264-208-1733,
cpellman6w,Effie Wadeson,Suite 54,,428-294-6035,
agaw6x,Leigh Swash,Suite 27,,690-808-0035,
scomport6y,Suzie Pudan,Suite 64,,171-598-9948,
khartmann6z,Lavinie Magnay,PO Box 28294,,454-460-2235,
mcocksedge70,Giacomo Reston,PO Box 50062,15000-000,384-922-1137,
stanzig71,Rance Cheley,PO Box 55645,,112-409-7904,
pdiggle72,Olivette MacCrann,19th Floor,98-430,820-358-9238,
crowlett73,Henrik Drowsfield,Apt 1249,,191-445-6829,
mheindrick74,Moll D'Alesco,Room 352,,850-548-1199,
vdevorill75,Gillie Barkas,2nd Floor,2445,429-899-5789,
janespie76,Free Dyball,8th Floor,,272-956-2507,
jbolles77,Uriel Bakewell,Room 1517,,871-537-9669,
mattryde78,Gerek Linforth,PO Box 51288,760050,450-900-3319,
tfrankiss79,Mira Clemensen,Apt 518,,961-908-7223,
csawyers7a,Boycie Gretton,2nd Floor,,168-691-4519,
ghulks7b,Susette Boni,Suite 50,,488-732-9998,
jmcdoual7c,Inge Kinneir,Room 115,301792,547-328-0358,
ogaytor7d,Cheslie Daltry,Apt 1403,3962,219-174-2519,
dguilliland7e,Deck Dakers,Apt 1448,,190-585-4480,
nrosengarten7f,Nilson Fransemai,PO Box 48894,91501,170-329-0781,
womara7g,Benson Duthie,PO Box 18094,,165-368-9362,
halker7h,Skip Hamshaw,18th Floor,,245-839-6756,
bhaslocke7i,Natty Elph,Room 1712,,953-882-5994,
swyldes7j,Rivy Patel,Suite 19,,857-571-7805,
sseys7k,Chelsy Snoxall,Apt 733,2500-070,626-604-2246,
flines7l,Bone Steel,10th Floor,,891-355-8699,
cgrzeszczak7m,Waite Treslove,11th Floor,2260-114,502-107-8914,
mdegregario7n,Hughie Laverack,Suite 70,,323-202-7099,
fshrimpling7o,Lark Brennans,Apt 1484,,312-608-0886,
yhighway7p,Finlay Revelle,Room 133,,965-338-5851,
ydrissell7q,Leanora Bridgwood,PO Box 90990,243126,903-297-6456,
afalloon7r,Nollie McCloy,Apt 642,681008,151-434-7838,
pborrowman7s,Merci Lethem,15th Floor,,190-838-6261,
sfeenan7t,Cleve Eskrigge,PO Box 76400,97487 CEDEX,152-978-0983,
zvint7u,Renault Poore,PO Box 87181,,618-403-1692,
ecomizzoli7v,Shep Frend,PO Box 44896,,721-212-2289,
clongstreet7w,Camey Brotherheed,11th Floor,,284-211-0616,
arobinson7x,Mirilla Kilshaw,PO Box 17027,,510-757-6484,
greynard7y,Tuckie Lyddyard,Suite 77,J8C,321-148-1793,
ebuxcey7z,Malina MacFarland,Apt 1355,446416,551-550-8213,
slampel80,Calida Sturney,5th Floor,301113,956-647-2645,
mjerrard81,Muffin Gallego,PO Box 31216,4508,472-873-9905,
tblazewski82,Tadeas Jiggens,PO Box 78866,,244-845-9411,
sohartnett83,Elsworth Smallridge,PO Box 99368,,648-316-9301,
gburchall84,Kenny Vasyukhnov,Suite 56,186304,266-298-5690,
cmassot85,Remington Keston,PO Box 47363,623508,183-167-9361,
rclewley86,Jaymie Garrelts,Apt 847,24800-000,833-634-7014,
mgonthier87,Pincus Apthorpe,16th Floor,,506-390-3301,
eheephy88,Alasteir Levesque,Suite 86,,589-719-2593,
hmcglashan89,Lorry Melluish,Room 1940,2327,816-695-4321,
aollerton8a,Nonna Epilet,Suite 10,,698-107-4979,
bbasten8b,Marley Gainsborough,PO Box 42746,,757-618-7530,
cclutheram8c,Korrie Mandry,PO Box 3625,,516-368-9524,
ascanlin8d,Kitty Matchell,Suite 26,,313-765-8829,
bnassey8e,Boote Dickens,Room 1650,,660-736-9693,
mnunan8f,Carrie Litzmann,PO Box 505,60652,773-995-3244,
bpaddemore8g,Ned Manser,Apt 106,3706,881-230-6784,
rbeenham8h,Anders Nasey,PO Box 97683,70504,318-623-0082,
kpracy8i,Hanni Poge,Apt 1846,,825-659-0086,
jmedhurst8j,Debby Brumen,PO Box 96627,66-225,642-541-0806,
soffiler8k,Arvie De Bischop,1st Floor,694820,257-240-5783,
rmillican8l,Mariann Ciccotto,Room 1506,32-610,336-955-6923,
cgiffkins8m,Aksel Beades,PO Box 96758,,480-929-4748,
bliggons8n,Elfie Fairweather,PO Box 9064,33980,380-403-6385,
flarciere8o,Anett MacRierie,14th Floor,17003,784-328-8479,
cchadwyck8p,Alis Chisnell,9th Floor,302525,604-282-7752,
tnilles8q,Thomasine Perott,Apt 1480,,572-187-5475,
ejakeway8r,Dex Slimme,PO Box 65062,,402-674-0363,
rducket8s,Lilyan Gulleford,PO Box 12415,,317-619-3415,
jkinver8t,Lisbeth Benford,PO Box 73816,,435-390-4821,
yscocroft8u,Della Rennox,Room 1647,,269-836-5965,
mwickendon8v,Jessamyn Tarply,Room 920,11907,979-944-9169,
bhebbes8w,Bentlee Rudloff,Room 107,666679,891-841-5263,
nabramson8x,Cindra Berriman,Room 1158,,218-849-5178,
grapps8y,Andeee Garner,Apt 1899,315-0022,386-988-0868,
swhanstall8z,Berty Hopewell,Suite 5,,312-535-7141,
tferry90,Bobbe Cronkshaw,Room 1753,5027,701-310-3360,
tmenzies91,Akim Askem,Room 1053,35015,713-220-3162,
braxworthy92,Olivette Bresman,Suite 86,,765-379-0364,
mgremain93,Carol Blumson,Suite 19,N9V,877-605-5558,
jcromack94,Clarabelle Klimkov,Room 1306,,161-170-4276,
pgliddon95,Nicoli Ladd,Suite 33,353147,304-512-7270,
iczaja96,Enrique Dumphry,Suite 50,,472-339-9741,
ktewelson97,Conchita Atcheson,PO Box 12440,28-130,939-115-4253,
rdelafeld98,Heidi Palombi,9th Floor,5700,742-231-9405,
rlambarton99,Nancey Myall,1st Floor,9498,925-461-4580,
cgotling9a,Emmalee Daye,Room 1260,5212,744-104-1420,
fthorowgood9b,Halli Pindar,Room 1618,,561-961-1691,
cbatrick9c,Tommi Dowsing,Apt 1771,,413-938-2265,
lbondesen9d,Tyrone Elwill,Apt 1141,,229-933-2591,
lmoffet9e,Culley Scramage,11th Floor,31120,393-229-1847,
mormesher9f,Marris Standell,Room 1844,,298-241-7039,
vcamerello9g,Gwenneth Shillan,Apt 717,,903-882-5848,
bweinberg9h,Norma Garnett,Suite 90,168 58,733-538-3969,
bschoular9i,Sonnnie Percifer,12th Floor,,159-352-9298,
nbarnsley9j,Jacki Guidini,Room 1457,,978-415-7464,
bwoolforde9k,Micky Fautly,Suite 52,,939-415-8197,
mocurran9l,Arlen Curphey,Room 1944,59468 CEDEX,817-630-5656,
lestcourt9m,Cathrin Feavers,14th Floor,,340-412-6415,
imaccarrane9n,Hermine Kettlestringes,4th Floor,,313-932-3527,
egras9o,Nessie Burbridge,20th Floor,3404,630-613-9001,
