user_name,password,email,first name,last name
fparrot0,"jN7|c,x93",hpyott0@mtv.com,Hugibert,Trench
ohall1,tJ8#spn)0bd,nborit1@yandex.com,Nico,Danniel
apesticcio2,wP7IC<,ccoggell2@cyberchimps.com,Ezechiel,Echallier
rclemmensen3,mS6H*ShY1\,fdensell3@wp.com,Hort,Tristram
jwealleans4,jW1>(LLi,hsaterthwait4@independent.com,Winifield,Papierz
aread5,oY3|!T}G0(T,isharrocks5@is.gd,Brandyn,McNiven
lokenfold6,bQ68`.,pmacadam6@indiegogo.com,Gerald,Cuss
tomand7,cU0?g6,freynolds7@php.net,Harriett,Skeene
tscrauniage8,sK6IWN,lpauletto8@live.com,Shirline,Woodus
bwoodroffe9,yA23&RgFad,lleale9@histats.com,Ted,Olley
hhonnicotta,fA9zw9dsu,akarliceka@symantec.com,Karita,Wanless
olawesb,dV9u)W.W|K(,gdobrovolskib@icq.com,Audrye,Clevely
gscartifieldc,kX3t58b=O{,lcronec@columbia.edu,Broderick,Humfrey
eknightsbridged,dZ4(w)xd,lmccreeryd@issuu.com,Patrice,Licari
mkernocke,eB8{HEc,alackintone@ted.com,Nat,Osgordby
cplaitf,hJ8iRb\y,mcheeversf@51.la,Erin,Lambart
falishonerg,cG6kLv3,npendleberryg@bloglovin.com,Alison,Tolliday
prubicah,"uX2B3XaH,6ax",agiacopazzih@mac.com,Harmon,Gorry
oskiplornei,cY0)S%6,bivanchovi@howstuffworks.com,Emlyn,Danelet
astobbesj,uS6h/B3}G=Z,btitmussj@creativecommons.org,Leesa,Fanner
mhoviek,zX5wXzL@Q,tcommanderk@biblegateway.com,Eula,Conradsen
skarlsenl,cX5ClWn,pbordessal@mediafire.com,Glad,Milberry
czealym,"aI2C@f,",htopm@squarespace.com,Conrado,Spore
hcammiemilen,bQ1FKuscY6,jnaismithn@technorati.com,Hillier,Battle
dreideo,aG1#vz,spillero@chron.com,Amelie,Dun
ccourtp,kD7tTi`q+KW@,efranzettip@wiley.com,Darlene,MacShane
ekellawayq,oX1\O2vhn@,sbalmaq@fda.gov,Amalia,Ivanyushin
mheaslyr,tJ8Bp%\_H,kpleagerr@ebay.com,Aurelie,Struss
dquogans,iG2|FfO,wrozalskis@goo.ne.jp,Clara,McOwen
drodgiert,jZ4j9xVP,pstacet@phoca.cz,Kenon,Berthod
tmahyu,tD9'(|LW}Y?,jvideleru@mashable.com,Murdock,McCudden
ekibbeyv,pX5u%|z,jkopsv@marketwatch.com,Irena,Lyster
atingeyw,vA18A!v.*,hwavishw@gmpg.org,Smith,McGuane
karndtx,"bJ5N""D<W&s",agurnayx@buzzfeed.com,Elfreda,Kenway
jcockshooty,cY2#ciz?,kschniedery@ft.com,Fancy,Swash
ymatuskaz,gI3dB'Md6q,fgonzaloz@photobucket.com,Cinnamon,Kremer
rokenden10,gD2i_Wl*3#,lleggin10@addthis.com,Lewie,Hannaford
hcady11,fL2zd_w6lT?,vgalvin11@nih.gov,Daniele,Glentworth
hciciura12,gT3Yh@u%2D,zelderfield12@pagesperso-orange.fr,Terry,Haulkham
gpeare13,nD4<QB<ZKs,mpopworth13@salon.com,Dianne,Drain
fhickeringill14,wY2{m{S7Oe7,ichapling14@engadget.com,Mina,Workman
lvarney15,kV6pQV%/ec7,lharryman15@tripod.com,Brady,Stirrip
lsimmins16,lR1eRH/I,cscammell16@patch.com,Annecorinne,Madre
cmarshalleck17,yF1@ErDbg8,adimbleby17@tripod.com,Willard,Orringe
lmcbeith18,rK6m4)GZ}d,acalafato18@comsenz.com,Reinaldos,Gawith
ebrusle19,mO7Vpoj,lserotsky19@alibaba.com,Blaine,Tirone
lmulqueen1a,kK2}I&(,jbuglar1a@edublogs.org,Lodovico,Jotcham
lviscovi1b,hH7oJbSffy3,tgrestye1b@thetimes.co.uk,Dominique,Habard
falvy1c,zF3))#R,laiskovitch1c@webeden.co.uk,Rice,Sumpter
aouterbridge1d,oE6l}WGv,rbotwright1d@squidoo.com,Sid,Markus
blippo1e,qW8Fs`.z,gkemston1e@paypal.com,Ali,Millhill
cglancey1f,vX7Cwb<\htT*,fabrahim1f@chron.com,Collie,Keats
kheathcott1g,rR6UUG<.w4e,tclutterham1g@tmall.com,Langsdon,Batman
khuntington1h,mB5!7wK,aogger1h@umich.edu,Delly,Lenoir
jsissens1i,dI1!K2cSq,rjedrys1i@wiley.com,Sheree,Buret
dhabbon1j,yF4tKJ~8qn,bobreen1j@godaddy.com,Brendan,Cinavas
bsteel1k,aB9=q&4q/C,mpidwell1k@mit.edu,Em,Drover
wpatek1l,gE4omBG,jcrone1l@fotki.com,Dione,Jacobowits
pmoxted1m,"fC4em""4w4",hfereday1m@w3.org,Terri,Farman
rcawthron1n,cA2kr~p>5@,iklemencic1n@blog.com,Clerc,Polglaze
srushbury1o,nG9Y5K,pneising1o@people.com.cn,Erastus,Ducarel
anorthin1p,gP8NP8V~,dloadwick1p@telegraph.co.uk,Oralie,Adel
bmosson1q,xQ6F1VUIE3,jrussi1q@sohu.com,Tirrell,Regglar
pstairmond1r,bC5<c7poi'i,clowrance1r@jugem.jp,Dara,Rannald
lcamilleri1s,nB6r4MhQ,wbull1s@amazon.co.uk,Thoma,Likly
pjoyes1t,aO0Rz#,rtayt1t@utexas.edu,Carolus,Minker
adionisio1u,kL32e7x,mclitsome1u@epa.gov,Rosalia,Davison
kcostelow1v,rL17=Und`.v,skerslake1v@t-online.de,Hersh,Kapiloff
naynscombe1w,nH9DzNi,fescoffrey1w@com.com,Mack,Phython
mocrotty1x,bP9x8R!,drampage1x@nationalgeographic.com,Hyacinthe,Zecchini
vknapton1y,kI4Q`L,hbengough1y@jimdo.com,Rosaleen,Wickersley
ctomovic1z,gE4Td.p,demmanueli1z@alexa.com,Barbabas,Dicke
mebbins20,fN6Mv=K,ekrzyzaniak20@qq.com,Caryn,Siehard
dwoodrooffe21,qU6t2w+SB,afierman21@ycombinator.com,Noreen,Casemore
rpoker22,sE8CSxyL0!,bmorphew22@yellowpages.com,Kandace,Hennemann
nbraams23,dP8(QZ+%'Z=<,imcmurraya23@elegantthemes.com,Marc,Sheach
ncraze24,lG9@>k%)d3,bferencowicz24@time.com,Kaiser,Brownsell
stuckett25,wZ9sQmP,zornells25@house.gov,Priscella,Storry
gtoffel26,wE4fCD`,rcowland26@edublogs.org,Dolley,Daintrey
dmaystone27,nR929$Zkh7,llampen27@furl.net,Arny,Trewman
cworthy28,rF4FM<he,ameany28@whitehouse.gov,Don,Beneix
jdaddow29,sO1wydiO,plempel29@senate.gov,Jacquelynn,Benois
wcastanyer2a,eP9?GPotlWO,kwoodvine2a@sourceforge.net,Cathyleen,Nance
sparkhouse2b,dW4e*!S>,hbransgrove2b@themeforest.net,Andre,Seldon
bdearlove2c,zF423/,hhorlick2c@purevolume.com,Maribeth,Kemshell
rroberto2d,mA3_z7Kb,gcalcraft2d@gnu.org,Analise,Tuxsell
jcouling2e,iF4*)P,bscough2e@reference.com,Iolanthe,Brim
itrimnell2f,nU86fl``erEL,hdottrell2f@weibo.com,Rustin,Prator
mkeld2g,wU0>)M,dpiggin2g@theguardian.com,Davey,Chadney
vseville2h,mS8*(ws5R,alanchbery2h@merriam-webster.com,Germaine,Spours
mbroske2i,pU94&BrB,fbutterfint2i@chron.com,Simeon,Vibert
sgeaney2j,"kM8VCs&Fi?P,",crevill2j@baidu.com,Odilia,Strachan
dcanland2k,fG8>QvTjQ2A=,ashemmin2k@nih.gov,Augie,Sloegrave
fgerding2l,jD4b+T$KuDT&,ffishpond2l@is.gd,Kaylyn,Brumham
cblant2m,dM4){g/aT,dbasezzi2m@archive.org,Anselma,Davidovitz
bkorba2n,eG9e~Vg.@8,avicioso2n@hugedomains.com,Vicky,Jovey
ajersch2o,bV5Yn6f(w,klangwade2o@princeton.edu,Angelita,Buzine
trushman2p,aC6bbOa&wlLd,bprugel2p@printfriendly.com,Monah,Whitear
mchipperfield2q,uF7E`2+)r,vtaffrey2q@bbb.org,Tammy,Gussie
alulham2r,sF2'+oF.2Cv@,tthorburn2r@dion.ne.jp,Efrem,Crocken
lledekker2s,"lO4"".Ei!S~",gisted2s@yellowbook.com,Linn,Batrim
mrolance2t,yR7A\{Ihpx,tumbers2t@reddit.com,Babbie,Harbinson
mmabone2u,"nM3n""=c>e",wghilks2u@alexa.com,Fae,Merrigans
alopez2v,"aT9,f0.Y{",jstanluck2v@ezinearticles.com,Christy,Burnhams
qsuch2w,dK1\+E@,tgritsunov2w@bizjournals.com,Kaspar,Bennough
eends2x,wZ8u.@8.m0,echevis2x@icio.us,Fawnia,MacCrossan
amacharg2y,fG4.c3XHqo,cashman2y@istockphoto.com,Kris,Dampier
flubbock2z,gG1j~w.?EUAj,hmithan2z@yellowpages.com,Darbie,Tartt
mmatsell30,lV8'2Jh!T>}#,agillbard30@howstuffworks.com,Jonathon,Caselick
mburgh31,uO0UDuY5H,tmacneachtain31@hexun.com,Grover,Beseke
biddison32,cE4U==j,gcurnnok32@deliciousdays.com,Gilles,Capstake
cesilmon33,"sB7LQ,/7X",kboissieux33@guardian.co.uk,Normand,Venney
ligounet34,mP2K}LT+N,dbehrend34@ox.ac.uk,Codie,Elan
hbhar35,rN64>A8Z,cspores35@cargocollective.com,Sal,Cosstick
bmarcum36,rF8iG*>,rknighton36@yelp.com,Sissy,Gartside
ejacklings37,tL6MG9*Z,rpearcey37@amazon.co.uk,Daisy,Merriton
mgircke38,cX8rI2g.ar,gdoreward38@upenn.edu,Lyndy,Cannon
mmanicomb39,jJ9Hp3E%<${,wkaret39@microsoft.com,Maryl,Upward
spiercy3a,"jC7pDHE""*y|",mmccartan3a@imageshack.us,Dillie,Matovic
fbluck3b,oX1F4{WO,rcapps3b@vk.com,Billye,Musico
bculmer3c,qY5EqiG_,dkimmins3c@hud.gov,Dee dee,Gladebeck
mspridgen3d,xP1X~kkp&,cgrube3d@odnoklassniki.ru,Merlina,Siebart
vaulton3e,kW90A*~w,kmckeeman3e@ucoz.com,Josefina,Orange
bmickelwright3f,yF7$SPK%5,fsainthill3f@washingtonpost.com,Mill,Cowope
rmethuen3g,rY8YQ`.4C4oP,eglasscock3g@msu.edu,Berta,Scopyn
tdominichetti3h,kF6b<&,fdelaney3h@paypal.com,Millard,Hurford
cfarrens3i,"jD8S""j9mn|`?",edwyr3i@etsy.com,Panchito,Vellender
kkarpol3j,yH1bglXQb4to,edemeter3j@icq.com,Mada,Gallon
cseagrove3k,nF4rkY$'>.}B,kfarebrother3k@arizona.edu,Ethelbert,O'Kelly
aboggs3l,jU0qdT,jfenelow3l@senate.gov,Vitoria,Souster
oscamal3m,fF8gx5Xi,nstapele3m@stanford.edu,Rheba,Benn
dgrewar3n,kO0KiP*_V5\,losgarby3n@nsw.gov.au,Stuart,Saby
hhallows3o,bS2@~|=2,astafford3o@bravesites.com,Tabina,Germain
transcomb3p,rA4d0x,wexell3p@example.com,Ax,Behne
tthon3q,hO6x._JCaog,smcmurraya3q@hao123.com,Francis,O' Dooley
agrishakov3r,rC2Yb8&,iellam3r@clickbank.net,Cinnamon,Mordon
aedmands3s,yE9yecjBS+*>,sgreatorex3s@weebly.com,Alain,Metcalfe
mdevey3t,vL3Z91USHm,dpabst3t@psu.edu,Meyer,Kelling
aivakhin3u,mC3Ew9J,dghidoli3u@123-reg.co.uk,Darice,Quarrington
cpledge3v,"zF87!""",pstrank3v@ycombinator.com,Gale,Osband
nduguid3w,kC8WyEKToX,blogsdail3w@mit.edu,Nataline,Harrell
msambeck3x,sH9k!s.A'bP,bleven3x@google.nl,Anjela,Quaife
jcicculini3y,yU1WFj!L),mstaner3y@ehow.com,Cami,Griffin
bmolden3z,vI1A6x(l,cripley3z@acquirethisname.com,Barty,Lawden
tclymer40,eP6*81xVoD,kdanielsson40@stumbleupon.com,Lib,Badland
shuckell41,iK5kr#cQE,rsetchfield41@gravatar.com,Ole,Dugall
thannigane42,pC9fzr.U,gmileham42@icq.com,Nathalie,Pennuzzi
gsamwyse43,gG10G4v,cthurlow43@blinklist.com,Adamo,Ewins
mturk44,qB7MI{!U@6t,bbannell44@w3.org,Jule,Petett
aaps45,tB5%.n,fmcowis45@posterous.com,Osbourn,Gravenall
cloghan46,"oI22""|em\",gclemas46@symantec.com,Morgan,Ditch
jnevinson47,fT1m9_$},bratie47@google.com.au,Ada,Blackley
bcuthill48,tW5L)P+bI,jtruder48@europa.eu,Gherardo,Powis
bparnham49,wK6A\r$3Q3Hn,mmessier49@chicagotribune.com,Lark,Soots
abloomer4a,eG3h)4S8w#,wbras4a@noaa.gov,Stanton,Edgcombe
abarbie4b,hS0<Dn,wtomadoni4b@ox.ac.uk,Claudio,Albion
cpatrick4c,"kH0qRK%E""'",jslyvester4c@time.com,Madelena,McKinie
whoffman4d,"iB4,i6xgt}",bfrickey4d@shutterfly.com,Shaylyn,Blucher
foxnam4e,lD2b?ZvFU>D=,dborsnall4e@berkeley.edu,Patti,Sandison
eheinish4f,"xC1n{G=,wUE)",gmichele4f@cdc.gov,Lynea,Huddy
rjekyll4g,uM996|~Aj$u,cburtenshaw4g@dropbox.com,Myca,Moodie
trandle4h,rT9qEfoY3JQ\,arippin4h@businessinsider.com,Heriberto,Bryceson
dworrell4i,aI37`{6*u1,dkarel4i@ezinearticles.com,Marjy,Navaro
mmeldon4j,qD9V2dHR&hz,kmaitland4j@t-online.de,Rurik,Rosas
ebussy4k,aP7xTdKP}k6,mmortimer4k@dot.gov,Vance,Leirmonth
ckatzmann4l,zR62In,tburrage4l@geocities.jp,Alexandros,Spikins
lmaine4m,cO2oV!0F,tleinthall4m@apple.com,Adora,Cokely
cdrohane4n,"oE2,y)7FRKp",spimblott4n@washingtonpost.com,Gaylor,Brantzen
ahumbert4o,"bO8,uDr=wcX",apinnigar4o@addthis.com,Welby,Chomiszewski
ndoctor4p,aC6Pdlog_,wrosi4p@tiny.cc,Gerti,Deme
jjepensen4q,nJ4Zd1u,tbarkley4q@hp.com,Taber,Wanden
ccantle4r,yN4HO1w7Tk,gcottell4r@whitehouse.gov,Brigitte,Attack
bhallihan4s,cQ9x4W0+&nf,kcristol4s@mozilla.com,Peta,McIlhagga
mdomino4t,fO4LdT#&?SnW,phollindale4t@163.com,Sapphire,Trahar
hbarneville4u,yJ4c8/Gm,rreichartz4u@gov.uk,Vic,Yelland
tchattell4v,sD5lJ=J(l,bivakhno4v@disqus.com,Oby,Mordacai
zyukhov4w,hM4?by{UZ`Sx,wlepper4w@blogspot.com,Willey,Bennetto
vhargreave4x,"tY3}m"")Z",kpeplay4x@usnews.com,Wilden,Tournay
awaddoups4y,xO4f`))hTJ,fschuricht4y@about.me,Emmi,Spurret
pcrean4z,rU5gx\sJH_,povill4z@gmpg.org,Estella,Curnick
tskipton50,dX9h~d#,tdarcy50@addthis.com,Manon,Gavriel
jbrammall51,bU6T~98V(,sprudham51@washington.edu,Luci,De Ambrosi
fsterry52,wL9}3r6>l,smcpherson52@is.gd,Sutherland,Hawlgarth
khimsworth53,sY9/Uc*ZC,kvalenti53@eepurl.com,Alwyn,Verchambre
wmew54,sM7#+Wpb,gburley54@youku.com,Rourke,Brimmell
vclines55,zU31`z0q,haiken55@nifty.com,Dalis,Greeve
lfuggle56,dN9r%((Q29,lcossam56@gmpg.org,Hailey,Sissens
zmcgeachey57,gJ2S)'sH',azuan57@bloglines.com,Pierette,Aleksahkin
callchin58,lC1D{7O@Su,mharry58@apple.com,Trefor,Triggol
educkit59,vE29taMEq/,khillborne59@howstuffworks.com,Caz,Coxwell
sfarrimond5a,jU8d3!+#/j#D,fsellor5a@quantcast.com,Maryrose,Cant
mtrayling5b,dJ8wV@`o,hmalenfant5b@netlog.com,Tim,Franzelini
aedscer5c,"wP4=vX,",ekimblin5c@google.es,Danya,Prando
agisburne5d,zI2kw<*=,kbrockest5d@dagondesign.com,Denis,Gribbon
prosenhaupt5e,kC2cdG$CPog,kwycliff5e@usnews.com,Karlens,Sweed
brenihan5f,kD0)%\Wx+vJ,lvenners5f@fda.gov,Sigismondo,Kettlestring
bscholler5g,oO7$R@8vQk|,lfain5g@sina.com.cn,Ashley,Ludovico
slandsman5h,lX5rIK4E%Bzf,wdudeney5h@facebook.com,Deane,Goldup
aspoor5i,uG5|~|<22+,rdesvignes5i@fda.gov,Hana,Mudle
hduinbleton5j,mH6LRKku5{\x,stregona5j@huffingtonpost.com,Ruy,Rajchert
bapplewhaite5k,"kM9Be)Ucg,~",csaice5k@deliciousdays.com,Orelia,Collick
jclever5l,rH6k_ba,cdaw5l@youtu.be,Rivi,Panchin
nloncaster5m,oM4wg$LpqcL,asheere5m@nymag.com,Danya,Bowes
mciabatteri5n,"mB4CT+>,y*",etoulch5n@chronoengine.com,Lodovico,Connochie
mlammie5o,yQ1FpiCgR%!,cmitkcov5o@reference.com,Elle,Roll
adellenbrook5p,hC8`UKHi/d?,arenehan5p@gnu.org,Elton,Wolfarth
cmcalroy5q,"oW8d,74ty",cklaassens5q@census.gov,Florinda,Hammerberger
lgrissett5r,mT6Hthc4,evasyagin5r@unblog.fr,Tonye,Francescone
bkingsnode5s,kD05Q>Sph,dsimacek5s@mtv.com,Vivyan,O'Lynn
tcamilletti5t,"cN26/|)F""HJo",lfrensch5t@pcworld.com,Sly,Valti
lhairsnape5u,oI8ApV_quE,nstebbing5u@sitemeter.com,Martica,Itzkovitch
zgogay5v,rJ0uCh,dpotbury5v@tinypic.com,Gilles,Kollach
ablabie5w,pJ6@.BU,hcelle5w@telegraph.co.uk,Bondy,Lusher
tmorecombe5x,vS4T\x9<4q>,gropp5x@feedburner.com,Ronny,Emlyn
mshearme5y,qV4W!p,cpaolotto5y@constantcontact.com,Conny,Bugden
atattersill5z,lC3*=mpU,odifranceschi5z@netscape.com,Blinnie,Alvarado
dspelling60,qC7dG@FZ{,tbrombell60@theguardian.com,Morgan,Desson
dpamplin61,uD8d0Pc1I,bsymper61@jigsy.com,Barton,Kropach
ckeedy62,oO2OEA)0,zdignum62@jigsy.com,Mirabella,Coltan
gmcdell63,dP6Ybf,lfatharly63@aol.com,Bone,Zannotelli
oodoherty64,kH97k\W/21N,mtomankiewicz64@1688.com,Allie,Fenix
ebutts65,dX9$cBDmO,wbew65@deviantart.com,Robby,Bayston
hbricklebank66,vZ6A'{,chaselup66@hao123.com,Jamima,Petricek
crabbet67,"qO1+~h,",fhaydn67@shinystat.com,Ninette,Iddon
vburrus68,fL1L}mrNpzZ,cbartali68@fda.gov,Cesare,Jerome
bcossentine69,tE6q5=XD5,klayzell69@google.com.au,Sibley,Lauthian
bprudham6a,wP07u3to,obrussels6a@usatoday.com,Caye,Wais
ajimmes6b,uJ6`rPds2h,crivers6b@t.co,Hart,Gowland
dtriebner6c,yK1`dfq,brobbert6c@about.com,Milty,Dimitrie
darbor6d,zB7qm\89|1,elentsch6d@princeton.edu,Port,Cazereau
mleschelle6e,gM8_L\WT,tarlidge6e@ask.com,Nananne,Scannell
lpeltz6f,bK5$39Y6,lpuckham6f@nhs.uk,Kailey,Kasparski
kbenbough6g,fG6_Ld=Aq2_|,tjanic6g@i2i.jp,Ethelind,Corbet
pbeazey6h,uL5pGHY9$$H,kwisson6h@reddit.com,Frasquito,Ferandez
bbowdrey6i,tP6OhU*+,sclaybourn6i@yellowbook.com,Madelaine,Jaqueminet
afruish6j,nH3&cj8pWSb,barrigucci6j@wikispaces.com,Lindsey,Bartot
sscafe6k,iY0mO8?YNI1,cflitcroft6k@mozilla.org,Leah,Storer
pduffyn6l,"kS7U""0vomh/O",cmimmack6l@google.com,Cesaro,Durdle
bberrisford6m,vO2~%0,rgutowski6m@istockphoto.com,Darla,Goudman
tbinning6n,oM2Ks<L,ciacoboni6n@meetup.com,Cathlene,Tuley
fbattyll6o,"rE9wzfE,%",vsilverwood6o@addthis.com,Patin,Matches
mfahrenbacher6p,cL5WvE|Q,zfrankish6p@yellowbook.com,Aldric,Muccino
gwalbrook6q,wH9vho,avaugham6q@goo.gl,Gertrudis,Gurton
dclayhill6r,oV8Bz03GRwR,mmelanaphy6r@instagram.com,Tommie,Dignam
dreckus6s,jX5TEX#f},gramberg6s@independent.co.uk,Cassandra,Larimer
mplampin6t,lW1x/b0,mbrixham6t@yale.edu,Ody,Rehme
avanderkruis6u,oO9l|'{,cwoolcocks6u@tmall.com,Geordie,Gingell
fangric6v,zS5)?4VH#l,mboyan6v@scribd.com,Lindy,Devinn
cpellman6w,"xK0qz{,~FW",elindman6w@phoca.cz,Linell,Jansa
agaw6x,jD3j{6,saristide6x@mail.ru,Jose,Whetland
scomport6y,"eO0R_vf,~F",dsupple6y@patch.com,Zebulen,Arnaldi
khartmann6z,nC64A{2\rIiL,dwhitemarsh6z@marriott.com,Meriel,Swallow
mcocksedge70,wI70?m,scamelia70@1und1.de,Genia,Ainscough
stanzig71,cF95f\o,vwilcot71@chronoengine.com,Florrie,Corradengo
pdiggle72,bE6c@yE,nmoroney72@flavors.me,Elnora,Coggan
crowlett73,sH42`dwXIw,bblesli73@ning.com,Bryana,Manby
mheindrick74,nI3k1ioUh4J,wiacovazzi74@columbia.edu,Candide,Meadley
vdevorill75,mP8$Ec>Ri<5,gkupker75@hibu.com,Ronna,Bethune
janespie76,aI37wN,ifritchley76@hugedomains.com,Mart,Grimm
jbolles77,sE2>\f,edominiak77@wordpress.com,Kay,Van der Brug
mattryde78,"cQ0T""qq+",kjury78@privacy.gov.au,Dannie,Onraet
tfrankiss79,nP5}e#J,ccalton79@microsoft.com,Emilia,Grinov
csawyers7a,sY85*L%/)(,hdesantos7a@cbsnews.com,Viva,Povey
ghulks7b,aX8T$AM,paltimas7b@4shared.com,Sunshine,Cellier
jmcdoual7c,aX0{xA,blenglet7c@foxnews.com,Thomas,Sells
ogaytor7d,"fH2W3z,2",yfreckelton7d@webnode.com,Nelly,Liddle
dguilliland7e,gS2(d<,estiegers7e@bluehost.com,Clerkclaude,Luetkemeyers
nrosengarten7f,sM96w1w9nGY,hmazillius7f@webs.com,Yalonda,Fice
womara7g,fU1o(c%,smarsden7g@vinaora.com,Opaline,Justham
halker7h,aF6Qr>Ho,gradnedge7h@delicious.com,Linell,Wakeley
bhaslocke7i,bU3{DW!,jheineke7i@istockphoto.com,Cathyleen,Winch
swyldes7j,sJ33aH|a=YH,lfounds7j@addthis.com,Darin,Slowey
sseys7k,eO9p5C_n,efligg7k@unesco.org,Granger,Edmed
flines7l,yQ2ymEWwq,dmoverley7l@cpanel.net,Bridgette,Baskett
cgrzeszczak7m,mU8m}BwG/4C|,kscrimgeour7m@nationalgeographic.com,Timothee,Duplain
mdegregario7n,vX2)wvG~0hsD,dcunnane7n@networkadvertising.org,Donna,Boyland
fshrimpling7o,vK5yMZlb8gcG,oblaber7o@yolasite.com,Gwendolen,Trahear
yhighway7p,lJ9FwTY}~,rguillerman7p@yandex.ru,Silvie,Osbiston
ydrissell7q,yQ9tUk_3,lgrishelyov7q@newsvine.com,Esme,McClaren
afalloon7r,dI6)p3,pmcgraw7r@xinhuanet.com,Gayel,Tuckey
pborrowman7s,lP6(y>_{',rdungey7s@ox.ac.uk,Karia,Ivanets
sfeenan7t,aT4)B_i!2,sdyhouse7t@oaic.gov.au,Lucie,Pinney
zvint7u,lZ8SBIBlv*D,pscotchmore7u@nifty.com,Jaquelin,Tapsell
ecomizzoli7v,"tQ9<6WV""(",ssiggery7v@shop-pro.jp,Gillian,Dable
clongstreet7w,pY3`ihS9g?,hmckennan7w@washington.edu,Jeffie,Trench
arobinson7x,"hC1,<y",fgant7x@cafepress.com,Stewart,Flindall
greynard7y,fB1wbe0y,ohowen7y@sbwire.com,Janifer,Capun
ebuxcey7z,"fB9Jr8Am*,f",rexposito7z@typepad.com,Obadiah,Bockh
slampel80,"tX9Z_ra,,d8*",tblaxeland80@feedburner.com,Katinka,Penchen
mjerrard81,oO9odt44RS&\,lduck81@hatena.ne.jp,Karmen,Kiddell
tblazewski82,pQ5nB\V#q/j),eferebee82@microsoft.com,Leonore,Dicte
sohartnett83,uX2ZtB`!okV,ghawkings83@github.io,Corabelle,Ulyatt
gburchall84,"vQ6hsyMe=""n",mdetheridge84@eventbrite.com,Lorenza,Poad
cmassot85,jF1r1kT2FI,lpitchers85@nhs.uk,Rozanna,Muzzillo
rclewley86,jS7!L_YA(,olayfield86@yahoo.co.jp,Gayel,Trimme
mgonthier87,aT2x8TyDQ,glannen87@fotki.com,Adiana,Gough
eheephy88,eX8jmM|,lmatskevich88@jimdo.com,Francene,Otto
hmcglashan89,"lV21c/,o%v'w",gcrier89@chronoengine.com,Elijah,Phinnessy
aollerton8a,tT2N#\ELw>l9,smcginley8a@answers.com,Alphonso,Mosley
bbasten8b,"fZ7YoO',L",vdobinson8b@cmu.edu,Ethelind,Benedicto
cclutheram8c,kG4&W8H3?=E,rmilson8c@newyorker.com,Lindsey,Bissell
ascanlin8d,iK2{T=!ZG{4,ccreffeild8d@prnewswire.com,Bridget,Moule
bnassey8e,aZ7V<H?,hsaura8e@vimeo.com,Brittne,Dongles
mnunan8f,aM5\KF,ftibbits8f@wsj.com,Mufi,Alphege
bpaddemore8g,vZ5n(Qg,ioswal8g@scribd.com,Damon,Maggorini
rbeenham8h,gF9Vvi,fgrimsell8h@economist.com,Jaymie,Giraudo
kpracy8i,jY3wN>,kgreenhowe8i@wisc.edu,Ninette,Ledgeway
jmedhurst8j,oC35}K7e1kZj,ireadie8j@who.int,Krista,Howorth
soffiler8k,cY0QE{A=_D~,ckik8k@clickbank.net,Pepe,Cortese
rmillican8l,wZ5vI~@,hmcwhorter8l@marriott.com,Cly,Skarman
cgiffkins8m,yN4Cr/Qz2,rfussie8m@mysql.com,Marnia,Kiddy
bliggons8n,fF2+0+,jashbolt8n@engadget.com,Zaria,Rowsel
flarciere8o,zR8#0Z,jhitcham8o@surveymonkey.com,Aube,Cavaney
cchadwyck8p,eO0Qwb,nrivers8p@ibm.com,Andrew,Couroy
tnilles8q,hS4snl/2Jsu,uclethro8q@nifty.com,Connor,O'Gaven
ejakeway8r,wE6$D`}o+n(,gswafield8r@bloglines.com,Kipp,Lufkin
rducket8s,gM6eKrIx,ithorburn8s@cisco.com,Belvia,O'Lenechan
jkinver8t,mW813dRNNgyN,jpropper8t@dyndns.org,Geri,Aldgate
yscocroft8u,eK6J6!fB8,tdurran8u@europa.eu,Collin,Faughey
mwickendon8v,"jL0/""6bdS&J",ascatcher8v@marriott.com,Homer,Dedmam
bhebbes8w,eD9BYo4zf,aemeline8w@tamu.edu,Lindsey,Aleavy
nabramson8x,yS8/\l,jledur8x@mysql.com,Gayle,Blemings
grapps8y,rK3DfjdsNyk,bpridmore8y@youtube.com,Serene,Jahns
swhanstall8z,pR2{+EA(fFrd,cpanons8z@mayoclinic.com,Candi,Hadfield
tferry90,tV5$8UjF5z,bettritch90@creativecommons.org,Lezley,Orto
tmenzies91,iN0xP|eBd1,miwanczyk91@tmall.com,Felipe,Grainge
braxworthy92,oI1&)4'WU(m,kbanting92@unicef.org,Cirillo,Celiz
mgremain93,yR9(f_yq=,langless93@fotki.com,Hammad,Spellsworth
jcromack94,cJ2nxO,dbuy94@fastcompany.com,Gael,Norrington
pgliddon95,mG9j)@vE>G,abullivent95@yahoo.co.jp,Anallese,Roblett
iczaja96,"bO3Jvd,5S_Ph",dcato96@house.gov,Alon,Tomaszewski
ktewelson97,rV3O>1D,ijoanic97@about.com,Penn,Gontier
rdelafeld98,eP9EXZV,fcowin98@netvibes.com,Fanchon,Quenby
rlambarton99,fA6atdZ,rgodspede99@vinaora.com,Dynah,Hair
cgotling9a,vG2$P&,tjellico9a@mac.com,Constantin,Rotlauf
fthorowgood9b,oN7Ig=),ccastelletti9b@wisc.edu,Izzy,Wrey
cbatrick9c,iQ80OR?S$&@R,trickman9c@time.com,Ingaberg,Anderer
lbondesen9d,jK7w'<4O,econnal9d@auda.org.au,Marian,Elmer
lmoffet9e,hT4&dSO.,mshepheard9e@nyu.edu,Lynna,Realff
mormesher9f,hE3k4rt)zM@M,agough9f@booking.com,Korie,Dredge
vcamerello9g,aW69roa=zqsx,fsprague9g@blogger.com,Lin,Hold
bweinberg9h,hJ7>'),wfearey9h@sogou.com,Silvano,Apark
bschoular9i,wM8CS/%|ff,tmaudling9i@comsenz.com,Karlotte,Checcucci
nbarnsley9j,uK4>y>*V,randres9j@google.pl,Cassie,Azema
bwoolforde9k,mQ4Bq$q/$k,jjardein9k@cbslocal.com,Pattie,Lipgens
mocurran9l,rJ900u9(h,rgerrietz9l@hexun.com,Alexei,Santer
lestcourt9m,"rS15fNb""w",zallan9m@washington.edu,Katrina,Swafield
imaccarrane9n,bB2&!T,msaffin9n@craigslist.org,Cosimo,Keat
egras9o,mD5xw5.U,bbridgen9o@scientificamerican.com,Lukas,Braisby
